,time,bid,ask,last,volume,time_msc,flags,volume_real
0,1580234400,1.62903,1.6292900000000001,0.0,0,1580234400184,130,0.0
1,1580234401,1.629,1.62928,0.0,0,1580234401180,134,0.0
2,1580234401,1.62899,1.62923,0.0,0,1580234401288,134,0.0
3,1580234401,1.629,1.62926,0.0,0,1580234401503,134,0.0
4,1580234402,1.62897,1.6292499999999999,0.0,0,1580234402336,134,0.0
5,1580234403,1.62907,1.6293199999999999,0.0,0,1580234403495,134,0.0
6,1580234403,1.62912,1.62935,0.0,0,1580234403701,134,0.0
7,1580234403,1.62913,1.62935,0.0,0,1580234403895,130,0.0
8,1580234404,1.62913,1.6294,0.0,0,1580234404141,4,0.0
9,1580234404,1.6291099999999998,1.62939,0.0,0,1580234404512,134,0.0
10,1580234404,1.62912,1.6294,0.0,0,1580234404901,134,0.0
11,1580234405,1.62912,1.62939,0.0,0,1580234405625,4,0.0
12,1580234405,1.62917,1.62941,0.0,0,1580234405703,134,0.0
13,1580234405,1.62917,1.6294300000000002,0.0,0,1580234405913,4,0.0
14,1580234406,1.62917,1.62944,0.0,0,1580234406210,4,0.0
15,1580234407,1.6292200000000001,1.62948,0.0,0,1580234407111,134,0.0
16,1580234407,1.62923,1.62951,0.0,0,1580234407321,134,0.0
17,1580234407,1.6292499999999999,1.62951,0.0,0,1580234407515,130,0.0
18,1580234408,1.62924,1.62951,0.0,0,1580234408219,130,0.0
19,1580234408,1.62919,1.6294499999999998,0.0,0,1580234408423,134,0.0
20,1580234408,1.6291799999999999,1.6294499999999998,0.0,0,1580234408625,130,0.0
21,1580234410,1.62919,1.6294499999999998,0.0,0,1580234410321,130,0.0
22,1580234410,1.62923,1.62948,0.0,0,1580234410525,134,0.0
23,1580234410,1.62921,1.62948,0.0,0,1580234410729,130,0.0
24,1580234410,1.6292200000000001,1.62944,0.0,0,1580234410930,134,0.0
25,1580234411,1.62914,1.62933,0.0,0,1580234411126,134,0.0
26,1580234411,1.6290499999999999,1.6293,0.0,0,1580234411330,134,0.0
27,1580234411,1.62908,1.6293,0.0,0,1580234411531,130,0.0
28,1580234411,1.6290499999999999,1.6293,0.0,0,1580234411730,130,0.0
29,1580234411,1.62906,1.6293,0.0,0,1580234411934,130,0.0
30,1580234412,1.6290499999999999,1.6293,0.0,0,1580234412132,130,0.0
31,1580234412,1.6290200000000001,1.6293,0.0,0,1580234412337,130,0.0
32,1580234412,1.62901,1.6293,0.0,0,1580234412539,130,0.0
33,1580234413,1.62901,1.62928,0.0,0,1580234413345,4,0.0
34,1580234413,1.62899,1.62928,0.0,0,1580234413537,130,0.0
35,1580234413,1.629,1.6292900000000001,0.0,0,1580234413750,134,0.0
36,1580234413,1.62901,1.6292900000000001,0.0,0,1580234413943,130,0.0
37,1580234414,1.62899,1.62927,0.0,0,1580234414153,134,0.0
38,1580234414,1.6289799999999999,1.62926,0.0,0,1580234414349,134,0.0
39,1580234414,1.62897,1.62924,0.0,0,1580234414546,134,0.0
40,1580234415,1.6289799999999999,1.62924,0.0,0,1580234415044,130,0.0
41,1580234415,1.629,1.6292499999999999,0.0,0,1580234415245,134,0.0
42,1580234415,1.62901,1.6292499999999999,0.0,0,1580234415453,130,0.0
43,1580234416,1.62904,1.62931,0.0,0,1580234416352,134,0.0
44,1580234416,1.62904,1.6293199999999999,0.0,0,1580234416547,4,0.0
45,1580234417,1.6290499999999999,1.6293199999999999,0.0,0,1580234417060,130,0.0
46,1580234417,1.62913,1.62939,0.0,0,1580234417273,134,0.0
47,1580234417,1.6291099999999998,1.62939,0.0,0,1580234417468,130,0.0
48,1580234417,1.6291099999999998,1.62938,0.0,0,1580234417663,4,0.0
49,1580234418,1.62912,1.62938,0.0,0,1580234418165,130,0.0
50,1580234418,1.62913,1.62939,0.0,0,1580234418364,134,0.0
51,1580234418,1.62912,1.62939,0.0,0,1580234418869,130,0.0
52,1580234419,1.62913,1.6294,0.0,0,1580234419068,134,0.0
53,1580234419,1.62913,1.62939,0.0,0,1580234419267,4,0.0
54,1580234419,1.62913,1.6294,0.0,0,1580234419470,4,0.0
55,1580234419,1.62917,1.62944,0.0,0,1580234419668,134,0.0
56,1580234420,1.62919,1.62946,0.0,0,1580234420070,134,0.0
57,1580234420,1.6291600000000002,1.6294300000000002,0.0,0,1580234420273,134,0.0
58,1580234421,1.62919,1.62946,0.0,0,1580234421890,134,0.0
59,1580234421,1.62924,1.62946,0.0,0,1580234421979,130,0.0
60,1580234422,1.6292499999999999,1.62949,0.0,0,1580234422171,134,0.0
61,1580234422,1.6292499999999999,1.6295199999999999,0.0,0,1580234422373,4,0.0
62,1580234422,1.62926,1.6295199999999999,0.0,0,1580234422581,130,0.0
63,1580234423,1.6292499999999999,1.6295199999999999,0.0,0,1580234423194,130,0.0
64,1580234424,1.6292499999999999,1.6295,0.0,0,1580234424288,4,0.0
65,1580234425,1.6292499999999999,1.6295199999999999,0.0,0,1580234425494,4,0.0
66,1580234426,1.62928,1.6295199999999999,0.0,0,1580234426195,130,0.0
67,1580234427,1.62933,1.6295600000000001,0.0,0,1580234427301,134,0.0
68,1580234427,1.62933,1.6296,0.0,0,1580234427502,4,0.0
69,1580234427,1.62934,1.6296,0.0,0,1580234427708,130,0.0
70,1580234427,1.62933,1.6296,0.0,0,1580234427903,130,0.0
71,1580234428,1.62938,1.62964,0.0,0,1580234428607,134,0.0
72,1580234428,1.62937,1.62961,0.0,0,1580234428806,134,0.0
73,1580234429,1.6293600000000001,1.6296,0.0,0,1580234429903,134,0.0
74,1580234430,1.62935,1.6296,0.0,0,1580234430307,130,0.0
75,1580234430,1.62935,1.6295899999999999,0.0,0,1580234430718,4,0.0
76,1580234430,1.62935,1.6296,0.0,0,1580234430908,4,0.0
77,1580234431,1.62937,1.62961,0.0,0,1580234431409,134,0.0
78,1580234431,1.62942,1.62967,0.0,0,1580234431520,134,0.0
79,1580234431,1.62944,1.62969,0.0,0,1580234431714,134,0.0
80,1580234431,1.62941,1.6296599999999999,0.0,0,1580234431919,134,0.0
81,1580234432,1.62937,1.62964,0.0,0,1580234432116,134,0.0
82,1580234432,1.62937,1.62961,0.0,0,1580234432313,4,0.0
83,1580234432,1.62937,1.62962,0.0,0,1580234432817,4,0.0
84,1580234433,1.6294,1.6296599999999999,0.0,0,1580234433919,134,0.0
85,1580234434,1.6294300000000002,1.6297000000000001,0.0,0,1580234434121,134,0.0
86,1580234434,1.62942,1.62969,0.0,0,1580234434322,134,0.0
87,1580234434,1.62942,1.62965,0.0,0,1580234434519,4,0.0
88,1580234434,1.62942,1.6296300000000001,0.0,0,1580234434716,4,0.0
89,1580234435,1.62937,1.6296300000000001,0.0,0,1580234435334,130,0.0
90,1580234437,1.62941,1.6296599999999999,0.0,0,1580234437430,134,0.0
91,1580234437,1.62941,1.6296300000000001,0.0,0,1580234437631,4,0.0
92,1580234437,1.62938,1.6296300000000001,0.0,0,1580234437831,130,0.0
93,1580234441,1.62931,1.62955,0.0,0,1580234441343,134,0.0
94,1580234441,1.62924,1.62948,0.0,0,1580234441443,134,0.0
95,1580234441,1.62923,1.62948,0.0,0,1580234441844,130,0.0
96,1580234442,1.62923,1.62947,0.0,0,1580234442244,4,0.0
97,1580234442,1.6292,1.62946,0.0,0,1580234442543,134,0.0
98,1580234442,1.6292200000000001,1.62946,0.0,0,1580234442754,130,0.0
99,1580234443,1.6291600000000002,1.62942,0.0,0,1580234443058,134,0.0
100,1580234443,1.62915,1.62937,0.0,0,1580234443152,134,0.0
101,1580234444,1.6291,1.62937,0.0,0,1580234444069,130,0.0
102,1580234446,1.6291,1.6293600000000001,0.0,0,1580234446462,4,0.0
103,1580234447,1.6290900000000001,1.62935,0.0,0,1580234447339,134,0.0
104,1580234447,1.62908,1.62934,0.0,0,1580234447369,134,0.0
105,1580234447,1.62908,1.62933,0.0,0,1580234447561,4,0.0
106,1580234447,1.6290200000000001,1.6293,0.0,0,1580234447872,134,0.0
107,1580234449,1.62899,1.62926,0.0,0,1580234449078,134,0.0
108,1580234449,1.62896,1.62923,0.0,0,1580234449289,134,0.0
109,1580234450,1.62897,1.62923,0.0,0,1580234450579,130,0.0
110,1580234451,1.62896,1.62923,0.0,0,1580234451083,130,0.0
111,1580234451,1.62899,1.62923,0.0,0,1580234451587,130,0.0
112,1580234451,1.62899,1.62927,0.0,0,1580234451787,4,0.0
113,1580234452,1.62896,1.62924,0.0,0,1580234452090,134,0.0
114,1580234452,1.6289500000000001,1.62923,0.0,0,1580234452361,134,0.0
115,1580234452,1.6289500000000001,1.62924,0.0,0,1580234452792,4,0.0
116,1580234453,1.62897,1.62926,0.0,0,1580234453488,134,0.0
117,1580234453,1.62897,1.62915,0.0,0,1580234453588,4,0.0
118,1580234453,1.62883,1.6291099999999998,0.0,0,1580234453682,134,0.0
119,1580234453,1.62883,1.62912,0.0,0,1580234453886,4,0.0
120,1580234454,1.62883,1.62913,0.0,0,1580234454383,4,0.0
121,1580234454,1.6288399999999998,1.62913,0.0,0,1580234454992,130,0.0
122,1580234455,1.62886,1.62912,0.0,0,1580234455497,134,0.0
123,1580234455,1.62887,1.62917,0.0,0,1580234455595,134,0.0
124,1580234455,1.62885,1.62912,0.0,0,1580234455794,134,0.0
125,1580234455,1.62881,1.62908,0.0,0,1580234455995,134,0.0
126,1580234456,1.62877,1.62908,0.0,0,1580234456190,130,0.0
127,1580234457,1.6288200000000002,1.62912,0.0,0,1580234457100,134,0.0
128,1580234457,1.6288,1.62908,0.0,0,1580234457501,134,0.0
129,1580234457,1.6288,1.6291,0.0,0,1580234457697,4,0.0
130,1580234458,1.6288,1.6291099999999998,0.0,0,1580234458605,4,0.0
131,1580234459,1.6288200000000002,1.6291099999999998,0.0,0,1580234459008,130,0.0
132,1580234459,1.6288,1.6290900000000001,0.0,0,1580234459208,134,0.0
133,1580234459,1.62883,1.62912,0.0,0,1580234459408,134,0.0
134,1580234459,1.6288399999999998,1.62914,0.0,0,1580234459621,134,0.0
135,1580234459,1.6288399999999998,1.6290900000000001,0.0,0,1580234459812,4,0.0
136,1580234460,1.62879,1.6290900000000001,0.0,0,1580234460007,130,0.0
137,1580234460,1.62881,1.62908,0.0,0,1580234460218,134,0.0
138,1580234460,1.6288,1.6290900000000001,0.0,0,1580234460412,134,0.0
139,1580234460,1.6288200000000002,1.6291099999999998,0.0,0,1580234460613,134,0.0
140,1580234460,1.6288,1.62907,0.0,0,1580234460816,134,0.0
141,1580234461,1.62878,1.62907,0.0,0,1580234461013,130,0.0
142,1580234461,1.62879,1.62907,0.0,0,1580234461211,130,0.0
143,1580234461,1.62879,1.62908,0.0,0,1580234461422,4,0.0
144,1580234462,1.62881,1.62907,0.0,0,1580234462124,134,0.0
145,1580234462,1.6287500000000001,1.62906,0.0,0,1580234462223,134,0.0
146,1580234462,1.62876,1.62906,0.0,0,1580234462416,130,0.0
147,1580234462,1.62878,1.62907,0.0,0,1580234462923,134,0.0
148,1580234463,1.6288,1.62907,0.0,0,1580234463120,130,0.0
149,1580234463,1.6288,1.6291,0.0,0,1580234463323,4,0.0
150,1580234463,1.6288200000000002,1.62913,0.0,0,1580234463521,134,0.0
151,1580234463,1.6288,1.62908,0.0,0,1580234463625,134,0.0
152,1580234463,1.62878,1.62907,0.0,0,1580234463825,134,0.0
153,1580234464,1.62878,1.62906,0.0,0,1580234464021,4,0.0
154,1580234464,1.62878,1.6290499999999999,0.0,0,1580234464223,4,0.0
155,1580234464,1.62877,1.62908,0.0,0,1580234464418,134,0.0
156,1580234464,1.6288,1.6290900000000001,0.0,0,1580234464625,134,0.0
157,1580234464,1.62883,1.6290900000000001,0.0,0,1580234464824,130,0.0
158,1580234465,1.6288200000000002,1.6290900000000001,0.0,0,1580234465335,130,0.0
159,1580234465,1.6288200000000002,1.62908,0.0,0,1580234465529,4,0.0
160,1580234465,1.6288399999999998,1.6290900000000001,0.0,0,1580234465731,134,0.0
161,1580234465,1.6288399999999998,1.6291,0.0,0,1580234465935,4,0.0
162,1580234466,1.6288399999999998,1.62914,0.0,0,1580234466944,4,0.0
163,1580234467,1.62885,1.62914,0.0,0,1580234467238,130,0.0
164,1580234467,1.62888,1.6291600000000002,0.0,0,1580234467444,134,0.0
165,1580234467,1.62893,1.62919,0.0,0,1580234467539,134,0.0
166,1580234467,1.62893,1.62921,0.0,0,1580234467743,4,0.0
167,1580234468,1.62893,1.62919,0.0,0,1580234468149,4,0.0
168,1580234468,1.62889,1.6291799999999999,0.0,0,1580234468356,134,0.0
169,1580234471,1.62889,1.62917,0.0,0,1580234471859,4,0.0
170,1580234473,1.62889,1.6291799999999999,0.0,0,1580234473268,4,0.0
171,1580234473,1.6289,1.6291799999999999,0.0,0,1580234473658,130,0.0
172,1580234473,1.6289099999999999,1.6292200000000001,0.0,0,1580234473874,134,0.0
173,1580234474,1.62894,1.62924,0.0,0,1580234474069,134,0.0
174,1580234474,1.62894,1.62923,0.0,0,1580234474870,4,0.0
175,1580234475,1.62894,1.62924,0.0,0,1580234475074,4,0.0
176,1580234476,1.62899,1.62928,0.0,0,1580234476777,134,0.0
177,1580234476,1.62903,1.6293199999999999,0.0,0,1580234476976,134,0.0
178,1580234479,1.62906,1.62935,0.0,0,1580234479789,134,0.0
179,1580234481,1.62906,1.62934,0.0,0,1580234481191,4,0.0
180,1580234481,1.62906,1.62935,0.0,0,1580234481593,4,0.0
181,1580234484,1.6290200000000001,1.6293,0.0,0,1580234484909,134,0.0
182,1580234485,1.6290200000000001,1.6293199999999999,0.0,0,1580234485312,4,0.0
183,1580234485,1.62899,1.62928,0.0,0,1580234485915,134,0.0
184,1580234486,1.62899,1.62927,0.0,0,1580234486184,4,0.0
185,1580234486,1.62899,1.62926,0.0,0,1580234486317,4,0.0
186,1580234486,1.62899,1.6292499999999999,0.0,0,1580234486513,4,0.0
187,1580234487,1.6289500000000001,1.62924,0.0,0,1580234487822,134,0.0
188,1580234488,1.6289500000000001,1.62921,0.0,0,1580234488027,4,0.0
189,1580234491,1.6289500000000001,1.62923,0.0,0,1580234491128,4,0.0
190,1580234491,1.6289500000000001,1.62924,0.0,0,1580234491336,4,0.0
191,1580234493,1.6289500000000001,1.62921,0.0,0,1580234493039,4,0.0
192,1580234493,1.6289500000000001,1.62924,0.0,0,1580234493441,4,0.0
193,1580234495,1.62897,1.62924,0.0,0,1580234495047,130,0.0
194,1580234496,1.62899,1.62927,0.0,0,1580234496344,134,0.0
195,1580234496,1.629,1.62927,0.0,0,1580234496543,130,0.0
196,1580234497,1.6290200000000001,1.62927,0.0,0,1580234497028,130,0.0
197,1580234497,1.62903,1.62931,0.0,0,1580234497148,134,0.0
198,1580234500,1.62903,1.62928,0.0,0,1580234500870,4,0.0
199,1580234501,1.6290499999999999,1.6293,0.0,0,1580234501468,134,0.0
200,1580234501,1.6290499999999999,1.62933,0.0,0,1580234501776,4,0.0
201,1580234502,1.6290900000000001,1.62937,0.0,0,1580234502476,134,0.0
202,1580234505,1.62912,1.62939,0.0,0,1580234505589,134,0.0
203,1580234506,1.62912,1.62941,0.0,0,1580234506988,4,0.0
204,1580234507,1.62913,1.62941,0.0,0,1580234507489,130,0.0
205,1580234508,1.62912,1.62941,0.0,0,1580234508195,130,0.0
206,1580234508,1.62912,1.6294,0.0,0,1580234508390,4,0.0
207,1580234509,1.62917,1.6294300000000002,0.0,0,1580234509405,134,0.0
208,1580234511,1.62914,1.62941,0.0,0,1580234511107,134,0.0
209,1580234513,1.62917,1.6294300000000002,0.0,0,1580234513414,134,0.0
210,1580234513,1.62917,1.62944,0.0,0,1580234513614,4,0.0
211,1580234514,1.62921,1.6294499999999998,0.0,0,1580234514319,134,0.0
212,1580234515,1.62921,1.62947,0.0,0,1580234515216,4,0.0
213,1580234516,1.62913,1.62941,0.0,0,1580234516326,134,0.0
214,1580234516,1.62921,1.62941,0.0,0,1580234516524,130,0.0
215,1580234516,1.62923,1.62949,0.0,0,1580234516622,134,0.0
216,1580234517,1.62924,1.62951,0.0,0,1580234517027,134,0.0
217,1580234517,1.62924,1.6295199999999999,0.0,0,1580234517322,4,0.0
218,1580234517,1.62927,1.62953,0.0,0,1580234517520,134,0.0
219,1580234517,1.62926,1.62954,0.0,0,1580234517934,134,0.0
220,1580234518,1.62926,1.6295199999999999,0.0,0,1580234518329,4,0.0
221,1580234518,1.62926,1.62953,0.0,0,1580234518737,4,0.0
222,1580234520,1.62926,1.6295199999999999,0.0,0,1580234520039,134,0.0
223,1580234521,1.62926,1.62953,0.0,0,1580234521244,4,0.0
224,1580234521,1.62926,1.6295199999999999,0.0,0,1580234521442,4,0.0
225,1580234521,1.62926,1.62951,0.0,0,1580234521757,4,0.0
226,1580234522,1.62923,1.62951,0.0,0,1580234522345,130,0.0
227,1580234524,1.62923,1.6295,0.0,0,1580234524552,4,0.0
228,1580234524,1.62923,1.62951,0.0,0,1580234524856,4,0.0
229,1580234525,1.62924,1.6295199999999999,0.0,0,1580234525457,134,0.0
230,1580234526,1.62924,1.62951,0.0,0,1580234526061,4,0.0
231,1580234526,1.62927,1.6295600000000001,0.0,0,1580234526451,134,0.0
232,1580234526,1.6292900000000001,1.6295600000000001,0.0,0,1580234526863,130,0.0
233,1580234527,1.6293199999999999,1.62957,0.0,0,1580234527479,134,0.0
234,1580234527,1.6293199999999999,1.62958,0.0,0,1580234527678,4,0.0
235,1580234528,1.6292900000000001,1.62957,0.0,0,1580234528199,134,0.0
236,1580234529,1.6293,1.62958,0.0,0,1580234529077,134,0.0
237,1580234529,1.6292900000000001,1.62957,0.0,0,1580234529775,134,0.0
238,1580234530,1.6293199999999999,1.62958,0.0,0,1580234530274,134,0.0
239,1580234530,1.62933,1.62958,0.0,0,1580234530473,130,0.0
240,1580234530,1.62934,1.62962,0.0,0,1580234530673,134,0.0
241,1580234532,1.62938,1.62965,0.0,0,1580234532884,134,0.0
242,1580234533,1.62938,1.6296599999999999,0.0,0,1580234533186,4,0.0
243,1580234534,1.62934,1.62961,0.0,0,1580234534093,134,0.0
244,1580234534,1.62933,1.6295600000000001,0.0,0,1580234534190,134,0.0
245,1580234534,1.6292900000000001,1.62954,0.0,0,1580234534391,134,0.0
246,1580234534,1.6292900000000001,1.62955,0.0,0,1580234534986,4,0.0
247,1580234535,1.6292900000000001,1.6295600000000001,0.0,0,1580234535400,4,0.0
248,1580234536,1.6293199999999999,1.6296,0.0,0,1580234536201,134,0.0
249,1580234536,1.62934,1.62961,0.0,0,1580234536399,134,0.0
250,1580234539,1.62934,1.62962,0.0,0,1580234539524,4,0.0
251,1580234540,1.62934,1.6295899999999999,0.0,0,1580234540413,4,0.0
252,1580234540,1.6292900000000001,1.6295600000000001,0.0,0,1580234540512,134,0.0
253,1580234540,1.62927,1.62955,0.0,0,1580234540717,134,0.0
254,1580234541,1.62926,1.62954,0.0,0,1580234541523,134,0.0
255,1580234541,1.6292499999999999,1.6295199999999999,0.0,0,1580234541730,134,0.0
256,1580234543,1.6292499999999999,1.62953,0.0,0,1580234543230,4,0.0
257,1580234543,1.62926,1.62954,0.0,0,1580234543623,134,0.0
258,1580234544,1.62931,1.62958,0.0,0,1580234544935,134,0.0
259,1580234545,1.6292900000000001,1.6295600000000001,0.0,0,1580234545136,134,0.0
260,1580234545,1.6292900000000001,1.62957,0.0,0,1580234545341,4,0.0
261,1580234546,1.6292900000000001,1.6295600000000001,0.0,0,1580234546042,4,0.0
262,1580234547,1.6293199999999999,1.62958,0.0,0,1580234547443,134,0.0
263,1580234547,1.62934,1.6296,0.0,0,1580234547641,134,0.0
264,1580234548,1.6293199999999999,1.6295899999999999,0.0,0,1580234548251,134,0.0
265,1580234549,1.62935,1.62962,0.0,0,1580234549856,134,0.0
266,1580234550,1.6293600000000001,1.62962,0.0,0,1580234550657,130,0.0
267,1580234551,1.6293600000000001,1.6296300000000001,0.0,0,1580234551665,4,0.0
268,1580234551,1.6293600000000001,1.62965,0.0,0,1580234551867,4,0.0
269,1580234552,1.6293600000000001,1.62964,0.0,0,1580234552063,4,0.0
270,1580234553,1.62942,1.62969,0.0,0,1580234553359,134,0.0
271,1580234553,1.62942,1.62967,0.0,0,1580234553759,4,0.0
272,1580234553,1.62942,1.6296599999999999,0.0,0,1580234553966,4,0.0
273,1580234554,1.62944,1.62971,0.0,0,1580234554576,134,0.0
274,1580234554,1.62944,1.62969,0.0,0,1580234554774,4,0.0
275,1580234557,1.6294499999999998,1.6297199999999998,0.0,0,1580234557785,134,0.0
276,1580234557,1.62944,1.6297199999999998,0.0,0,1580234557991,130,0.0
277,1580234558,1.62939,1.62967,0.0,0,1580234558291,134,0.0
278,1580234558,1.6294,1.62968,0.0,0,1580234558884,134,0.0
279,1580234560,1.62939,1.62968,0.0,0,1580234560086,130,0.0
280,1580234560,1.62939,1.6296599999999999,0.0,0,1580234560482,4,0.0
281,1580234560,1.62937,1.62965,0.0,0,1580234560888,134,0.0
282,1580234561,1.62938,1.6296599999999999,0.0,0,1580234561296,134,0.0
283,1580234561,1.62939,1.6296599999999999,0.0,0,1580234561496,130,0.0
284,1580234561,1.6293600000000001,1.62965,0.0,0,1580234561692,134,0.0
285,1580234561,1.6293600000000001,1.6296300000000001,0.0,0,1580234561896,4,0.0
286,1580234562,1.62937,1.6296599999999999,0.0,0,1580234562102,134,0.0
287,1580234562,1.62941,1.62968,0.0,0,1580234562294,134,0.0
288,1580234562,1.62944,1.6297000000000001,0.0,0,1580234562499,134,0.0
289,1580234562,1.6294300000000002,1.6297000000000001,0.0,0,1580234562699,130,0.0
290,1580234563,1.6294300000000002,1.62971,0.0,0,1580234563997,4,0.0
291,1580234564,1.62944,1.6297199999999998,0.0,0,1580234564203,134,0.0
292,1580234564,1.6294300000000002,1.6297199999999998,0.0,0,1580234564408,130,0.0
293,1580234564,1.6294300000000002,1.62971,0.0,0,1580234564706,4,0.0
294,1580234566,1.6294499999999998,1.6297199999999998,0.0,0,1580234566006,134,0.0
295,1580234566,1.62947,1.62974,0.0,0,1580234566213,134,0.0
296,1580234566,1.6294300000000002,1.62971,0.0,0,1580234566917,134,0.0
297,1580234568,1.6294300000000002,1.62969,0.0,0,1580234568920,4,0.0
298,1580234569,1.62941,1.62968,0.0,0,1580234569320,134,0.0
299,1580234570,1.6294,1.62968,0.0,0,1580234570920,130,0.0
300,1580234571,1.6294,1.6296599999999999,0.0,0,1580234571129,4,0.0
301,1580234571,1.6293600000000001,1.6296300000000001,0.0,0,1580234571322,134,0.0
302,1580234573,1.6293600000000001,1.62964,0.0,0,1580234573330,4,0.0
303,1580234579,1.62935,1.62962,0.0,0,1580234579550,134,0.0
304,1580234579,1.6293600000000001,1.62962,0.0,0,1580234579750,130,0.0
305,1580234579,1.62935,1.62962,0.0,0,1580234579955,130,0.0
306,1580234580,1.6293600000000001,1.62962,0.0,0,1580234580160,130,0.0
307,1580234580,1.62938,1.62965,0.0,0,1580234580352,134,0.0
308,1580234580,1.6293600000000001,1.6296300000000001,0.0,0,1580234580555,134,0.0
309,1580234580,1.62937,1.62965,0.0,0,1580234580753,134,0.0
310,1580234580,1.62941,1.62967,0.0,0,1580234580955,134,0.0
311,1580234581,1.6293600000000001,1.6296300000000001,0.0,0,1580234581063,134,0.0
312,1580234581,1.6293600000000001,1.62964,0.0,0,1580234581280,4,0.0
313,1580234581,1.62935,1.62961,0.0,0,1580234581563,134,0.0
314,1580234581,1.6293600000000001,1.62961,0.0,0,1580234581762,130,0.0
315,1580234582,1.62935,1.62961,0.0,0,1580234582068,130,0.0
316,1580234583,1.62937,1.62962,0.0,0,1580234583067,134,0.0
317,1580234583,1.6293199999999999,1.62955,0.0,0,1580234583266,134,0.0
318,1580234583,1.62928,1.6295600000000001,0.0,0,1580234583483,134,0.0
319,1580234583,1.6292900000000001,1.6295600000000001,0.0,0,1580234583680,130,0.0
320,1580234584,1.6293,1.6295600000000001,0.0,0,1580234584068,130,0.0
321,1580234584,1.6293199999999999,1.62958,0.0,0,1580234584452,134,0.0
322,1580234584,1.6293199999999999,1.6295600000000001,0.0,0,1580234584478,4,0.0
323,1580234584,1.6293199999999999,1.62957,0.0,0,1580234584680,4,0.0
324,1580234584,1.6293199999999999,1.62958,0.0,0,1580234584874,4,0.0
325,1580234585,1.6293199999999999,1.6296,0.0,0,1580234585655,4,0.0
326,1580234585,1.62933,1.6296,0.0,0,1580234585791,130,0.0
327,1580234585,1.62934,1.6296,0.0,0,1580234585988,130,0.0
328,1580234590,1.6293600000000001,1.62962,0.0,0,1580234590000,134,0.0
329,1580234592,1.6293600000000001,1.6296,0.0,0,1580234592211,4,0.0
330,1580234593,1.6293600000000001,1.62961,0.0,0,1580234593114,4,0.0
331,1580234594,1.6293600000000001,1.6296,0.0,0,1580234594606,4,0.0
332,1580234594,1.6293199999999999,1.62957,0.0,0,1580234594807,134,0.0
333,1580234595,1.6293199999999999,1.6295899999999999,0.0,0,1580234595011,4,0.0
334,1580234595,1.6293199999999999,1.62958,0.0,0,1580234595204,4,0.0
335,1580234595,1.6293,1.6295600000000001,0.0,0,1580234595510,134,0.0
336,1580234595,1.6293,1.62957,0.0,0,1580234595718,4,0.0
337,1580234600,1.62935,1.62961,0.0,0,1580234600433,134,0.0
338,1580234600,1.6293600000000001,1.6296300000000001,0.0,0,1580234600636,134,0.0
339,1580234600,1.6293600000000001,1.62962,0.0,0,1580234600922,4,0.0
340,1580234601,1.6293600000000001,1.6296300000000001,0.0,0,1580234601129,4,0.0
341,1580234601,1.6293600000000001,1.62962,0.0,0,1580234601726,4,0.0
342,1580234601,1.6293600000000001,1.6296300000000001,0.0,0,1580234601930,4,0.0
343,1580234603,1.6293600000000001,1.62961,0.0,0,1580234603530,4,0.0
344,1580234603,1.6293600000000001,1.6296300000000001,0.0,0,1580234603942,4,0.0
345,1580234604,1.62937,1.62964,0.0,0,1580234604437,134,0.0
346,1580234604,1.6293600000000001,1.6296300000000001,0.0,0,1580234604845,134,0.0
347,1580234605,1.6293600000000001,1.62962,0.0,0,1580234605045,4,0.0
348,1580234608,1.6293600000000001,1.62961,0.0,0,1580234608048,4,0.0
349,1580234608,1.62934,1.6296,0.0,0,1580234608437,134,0.0
350,1580234608,1.6293600000000001,1.6296300000000001,0.0,0,1580234608638,134,0.0
351,1580234608,1.6293600000000001,1.62964,0.0,0,1580234608666,4,0.0
352,1580234609,1.6293600000000001,1.62962,0.0,0,1580234609652,4,0.0
353,1580234610,1.6293600000000001,1.6296300000000001,0.0,0,1580234610052,4,0.0
354,1580234610,1.62937,1.62964,0.0,0,1580234610256,134,0.0
355,1580234614,1.6293600000000001,1.62964,0.0,0,1580234614561,130,0.0
356,1580234621,1.6293600000000001,1.62962,0.0,0,1580234621090,4,0.0
357,1580234622,1.6293600000000001,1.6296,0.0,0,1580234622381,4,0.0
358,1580234622,1.6293600000000001,1.6295899999999999,0.0,0,1580234622587,4,0.0
359,1580234622,1.6293600000000001,1.62962,0.0,0,1580234622989,4,0.0
360,1580234623,1.6293199999999999,1.6295899999999999,0.0,0,1580234623297,134,0.0
361,1580234623,1.6293199999999999,1.62957,0.0,0,1580234623487,4,0.0
362,1580234624,1.6293199999999999,1.62958,0.0,0,1580234624491,4,0.0
363,1580234629,1.6293600000000001,1.6296,0.0,0,1580234629009,134,0.0
364,1580234629,1.6293600000000001,1.6295899999999999,0.0,0,1580234629804,4,0.0
365,1580234630,1.62938,1.62965,0.0,0,1580234630011,134,0.0
366,1580234630,1.62934,1.62962,0.0,0,1580234630204,134,0.0
367,1580234630,1.6293199999999999,1.6295899999999999,0.0,0,1580234630423,134,0.0
368,1580234630,1.62933,1.62961,0.0,0,1580234630621,134,0.0
369,1580234630,1.62933,1.6295899999999999,0.0,0,1580234630821,4,0.0
370,1580234631,1.6293600000000001,1.6295899999999999,0.0,0,1580234631025,130,0.0
371,1580234631,1.6293600000000001,1.62961,0.0,0,1580234631218,4,0.0
372,1580234632,1.6293600000000001,1.62962,0.0,0,1580234632311,4,0.0
373,1580234632,1.62937,1.6296300000000001,0.0,0,1580234632913,134,0.0
374,1580234633,1.6293600000000001,1.6296300000000001,0.0,0,1580234633126,130,0.0
375,1580234633,1.6293600000000001,1.62961,0.0,0,1580234633524,4,0.0
376,1580234634,1.62933,1.6296,0.0,0,1580234634220,134,0.0
377,1580234634,1.6293199999999999,1.62958,0.0,0,1580234634427,134,0.0
378,1580234636,1.6293199999999999,1.6295899999999999,0.0,0,1580234636534,4,0.0
379,1580234636,1.62934,1.6295899999999999,0.0,0,1580234636727,130,0.0
380,1580234636,1.62942,1.6295899999999999,0.0,0,1580234636824,130,0.0
381,1580234637,1.62938,1.62965,0.0,0,1580234637031,134,0.0
382,1580234637,1.6293600000000001,1.62964,0.0,0,1580234637230,134,0.0
383,1580234637,1.62937,1.62964,0.0,0,1580234637840,130,0.0
384,1580234638,1.62939,1.62965,0.0,0,1580234638031,134,0.0
385,1580234638,1.62939,1.62967,0.0,0,1580234638232,4,0.0
386,1580234638,1.62942,1.62969,0.0,0,1580234638640,134,0.0
387,1580234640,1.6294300000000002,1.6297000000000001,0.0,0,1580234640043,134,0.0
388,1580234640,1.6294300000000002,1.6297199999999998,0.0,0,1580234640550,4,0.0
389,1580234642,1.6294300000000002,1.6297000000000001,0.0,0,1580234642062,4,0.0
390,1580234642,1.6294300000000002,1.62971,0.0,0,1580234642748,4,0.0
391,1580234645,1.6294300000000002,1.6297000000000001,0.0,0,1580234645762,4,0.0
392,1580234645,1.6294300000000002,1.62971,0.0,0,1580234645959,4,0.0
393,1580234646,1.62944,1.6297199999999998,0.0,0,1580234646161,134,0.0
394,1580234647,1.6294300000000002,1.62971,0.0,0,1580234647465,134,0.0
395,1580234653,1.6294300000000002,1.62969,0.0,0,1580234653567,4,0.0
396,1580234653,1.6294300000000002,1.62968,0.0,0,1580234653778,4,0.0
397,1580234654,1.6294300000000002,1.62969,0.0,0,1580234654084,4,0.0
398,1580234654,1.6294300000000002,1.6297000000000001,0.0,0,1580234654356,4,0.0
399,1580234656,1.6294300000000002,1.62969,0.0,0,1580234656788,4,0.0
400,1580234657,1.6294300000000002,1.62968,0.0,0,1580234657184,4,0.0
401,1580234657,1.6294300000000002,1.6297000000000001,0.0,0,1580234657388,4,0.0
402,1580234657,1.62939,1.62965,0.0,0,1580234657584,134,0.0
403,1580234657,1.62933,1.6295899999999999,0.0,0,1580234657686,134,0.0
404,1580234657,1.62933,1.6296,0.0,0,1580234657898,4,0.0
405,1580234658,1.6293600000000001,1.62962,0.0,0,1580234658195,134,0.0
406,1580234659,1.62938,1.6296300000000001,0.0,0,1580234659512,134,0.0
407,1580234659,1.62946,1.62971,0.0,0,1580234659704,134,0.0
408,1580234659,1.62946,1.62973,0.0,0,1580234659808,4,0.0
409,1580234660,1.62949,1.62974,0.0,0,1580234660013,134,0.0
410,1580234661,1.62949,1.6297700000000002,0.0,0,1580234661909,4,0.0
411,1580234662,1.62949,1.62976,0.0,0,1580234662210,4,0.0
412,1580234662,1.62948,1.62973,0.0,0,1580234662589,134,0.0
413,1580234662,1.62948,1.6297199999999998,0.0,0,1580234662811,4,0.0
414,1580234662,1.6294300000000002,1.62968,0.0,0,1580234662919,134,0.0
415,1580234663,1.6294300000000002,1.62967,0.0,0,1580234663120,4,0.0
416,1580234663,1.62939,1.62965,0.0,0,1580234663323,134,0.0
417,1580234663,1.62939,1.6296599999999999,0.0,0,1580234663723,4,0.0
418,1580234664,1.62947,1.62971,0.0,0,1580234664437,134,0.0
419,1580234664,1.62947,1.6297199999999998,0.0,0,1580234664627,4,0.0
420,1580234665,1.62947,1.62973,0.0,0,1580234665325,4,0.0
421,1580234665,1.62947,1.62971,0.0,0,1580234665529,4,0.0
422,1580234666,1.62944,1.6296599999999999,0.0,0,1580234666239,134,0.0
423,1580234666,1.62935,1.6296,0.0,0,1580234666335,134,0.0
424,1580234666,1.62938,1.6296300000000001,0.0,0,1580234666838,134,0.0
425,1580234667,1.62938,1.62964,0.0,0,1580234667031,4,0.0
426,1580234667,1.62938,1.6296300000000001,0.0,0,1580234667339,4,0.0
427,1580234668,1.62938,1.62964,0.0,0,1580234668060,4,0.0
428,1580234668,1.62938,1.62965,0.0,0,1580234668245,4,0.0
429,1580234668,1.62942,1.62968,0.0,0,1580234668438,134,0.0
430,1580234668,1.62946,1.62973,0.0,0,1580234668634,134,0.0
431,1580234669,1.62946,1.62974,0.0,0,1580234669146,4,0.0
432,1580234671,1.62947,1.62974,0.0,0,1580234671656,130,0.0
433,1580234672,1.62951,1.6297899999999998,0.0,0,1580234672351,134,0.0
434,1580234673,1.62951,1.62978,0.0,0,1580234673236,4,0.0
435,1580234673,1.62951,1.62976,0.0,0,1580234673269,4,0.0
436,1580234674,1.62946,1.62975,0.0,0,1580234674764,134,0.0
437,1580234675,1.62946,1.62976,0.0,0,1580234675160,4,0.0
438,1580234678,1.62946,1.62975,0.0,0,1580234678279,4,0.0
439,1580234680,1.62949,1.62975,0.0,0,1580234680890,130,0.0
440,1580234681,1.62951,1.62976,0.0,0,1580234681181,134,0.0
441,1580234681,1.62951,1.62975,0.0,0,1580234681379,4,0.0
442,1580234682,1.62955,1.62975,0.0,0,1580234682281,130,0.0
443,1580234682,1.62957,1.6297899999999998,0.0,0,1580234682587,134,0.0
444,1580234682,1.6295899999999999,1.6298,0.0,0,1580234682797,134,0.0
445,1580234682,1.62962,1.62984,0.0,0,1580234682989,134,0.0
446,1580234683,1.6297000000000001,1.62995,0.0,0,1580234683194,134,0.0
447,1580234683,1.62969,1.62995,0.0,0,1580234683395,130,0.0
448,1580234683,1.62974,1.6299700000000001,0.0,0,1580234683689,134,0.0
449,1580234683,1.62974,1.62998,0.0,0,1580234683900,4,0.0
450,1580234684,1.62974,1.62999,0.0,0,1580234684605,4,0.0
451,1580234684,1.62974,1.63001,0.0,0,1580234684896,4,0.0
452,1580234685,1.62978,1.63003,0.0,0,1580234685304,134,0.0
453,1580234685,1.62982,1.63007,0.0,0,1580234685541,134,0.0
454,1580234685,1.62982,1.63008,0.0,0,1580234685700,4,0.0
455,1580234686,1.6298300000000001,1.63007,0.0,0,1580234686020,134,0.0
456,1580234686,1.6298300000000001,1.63008,0.0,0,1580234686205,4,0.0
457,1580234686,1.6298300000000001,1.63007,0.0,0,1580234686409,4,0.0
458,1580234687,1.6298300000000001,1.63008,0.0,0,1580234687007,4,0.0
459,1580234688,1.6298,1.63007,0.0,0,1580234688611,134,0.0
460,1580234688,1.6298,1.63005,0.0,0,1580234688811,4,0.0
461,1580234689,1.6298,1.6300599999999998,0.0,0,1580234689021,4,0.0
462,1580234689,1.6298,1.6300400000000002,0.0,0,1580234689425,4,0.0
463,1580234689,1.6298,1.63003,0.0,0,1580234689615,4,0.0
464,1580234690,1.6298,1.63001,0.0,0,1580234690222,4,0.0
465,1580234690,1.62981,1.63007,0.0,0,1580234690418,134,0.0
466,1580234691,1.62982,1.63007,0.0,0,1580234691016,130,0.0
467,1580234691,1.6297700000000002,1.63003,0.0,0,1580234691122,134,0.0
468,1580234691,1.6297700000000002,1.63,0.0,0,1580234691316,4,0.0
469,1580234691,1.62975,1.62999,0.0,0,1580234691798,134,0.0
470,1580234691,1.6297700000000002,1.63001,0.0,0,1580234691825,134,0.0
471,1580234692,1.6297899999999998,1.63001,0.0,0,1580234692022,130,0.0
472,1580234692,1.6297899999999998,1.63002,0.0,0,1580234692524,4,0.0
473,1580234693,1.6297899999999998,1.6300400000000002,0.0,0,1580234693519,4,0.0
474,1580234693,1.62984,1.63005,0.0,0,1580234693619,134,0.0
475,1580234694,1.6297700000000002,1.63002,0.0,0,1580234694536,134,0.0
476,1580234694,1.62975,1.63,0.0,0,1580234694727,134,0.0
477,1580234695,1.6297700000000002,1.63002,0.0,0,1580234695226,134,0.0
478,1580234696,1.6298,1.63002,0.0,0,1580234696432,130,0.0
479,1580234696,1.6298,1.63003,0.0,0,1580234696633,4,0.0
480,1580234696,1.62984,1.63007,0.0,0,1580234696833,134,0.0
481,1580234697,1.62984,1.6300599999999998,0.0,0,1580234697044,4,0.0
482,1580234697,1.62982,1.6300599999999998,0.0,0,1580234697244,130,0.0
483,1580234698,1.62985,1.63007,0.0,0,1580234698050,134,0.0
484,1580234698,1.6298300000000001,1.63008,0.0,0,1580234698270,134,0.0
485,1580234698,1.6298599999999999,1.6301,0.0,0,1580234698965,134,0.0
486,1580234699,1.6298599999999999,1.63012,0.0,0,1580234699448,4,0.0
487,1580234699,1.6298599999999999,1.6301,0.0,0,1580234699649,4,0.0
488,1580234699,1.6298599999999999,1.63007,0.0,0,1580234699859,4,0.0
489,1580234700,1.6298300000000001,1.63008,0.0,0,1580234700063,134,0.0
490,1580234700,1.6298300000000001,1.6300599999999998,0.0,0,1580234700268,4,0.0
491,1580234700,1.6297700000000002,1.63003,0.0,0,1580234700571,134,0.0
492,1580234700,1.62978,1.63003,0.0,0,1580234700759,130,0.0
493,1580234701,1.62981,1.63003,0.0,0,1580234701369,130,0.0
494,1580234701,1.6298,1.63002,0.0,0,1580234701568,134,0.0
495,1580234701,1.62976,1.63001,0.0,0,1580234701774,134,0.0
496,1580234703,1.62974,1.63001,0.0,0,1580234703787,130,0.0
497,1580234703,1.62974,1.63,0.0,0,1580234703965,4,0.0
498,1580234704,1.62973,1.62999,0.0,0,1580234704266,134,0.0
499,1580234704,1.62973,1.62998,0.0,0,1580234704473,4,0.0
500,1580234707,1.62973,1.62999,0.0,0,1580234707885,4,0.0
501,1580234709,1.6298,1.63003,0.0,0,1580234709192,134,0.0
502,1580234709,1.6298,1.6300400000000002,0.0,0,1580234709395,4,0.0
503,1580234709,1.6298300000000001,1.6300599999999998,0.0,0,1580234709988,134,0.0
504,1580234711,1.62984,1.6300599999999998,0.0,0,1580234711301,130,0.0
505,1580234711,1.62991,1.63012,0.0,0,1580234711399,134,0.0
506,1580234711,1.6299299999999999,1.6301700000000001,0.0,0,1580234711600,134,0.0
507,1580234711,1.6299000000000001,1.63016,0.0,0,1580234711804,134,0.0
508,1580234713,1.6299000000000001,1.6301700000000001,0.0,0,1580234713602,4,0.0
509,1580234714,1.62991,1.6301700000000001,0.0,0,1580234714413,130,0.0
510,1580234715,1.6299000000000001,1.6301700000000001,0.0,0,1580234715212,130,0.0
511,1580234715,1.6299000000000001,1.63012,0.0,0,1580234715429,4,0.0
512,1580234715,1.62985,1.63011,0.0,0,1580234715506,134,0.0
513,1580234715,1.62988,1.63012,0.0,0,1580234715707,134,0.0
514,1580234716,1.62988,1.63014,0.0,0,1580234716824,4,0.0
515,1580234717,1.62988,1.6301299999999999,0.0,0,1580234717029,4,0.0
516,1580234717,1.6298599999999999,1.6301,0.0,0,1580234717545,134,0.0
517,1580234717,1.62988,1.63011,0.0,0,1580234717720,134,0.0
518,1580234717,1.62985,1.63011,0.0,0,1580234717925,130,0.0
519,1580234718,1.62984,1.63012,0.0,0,1580234718427,134,0.0
520,1580234718,1.62987,1.63015,0.0,0,1580234718626,134,0.0
521,1580234719,1.6298599999999999,1.63012,0.0,0,1580234719831,134,0.0
522,1580234720,1.62994,1.63016,0.0,0,1580234720236,134,0.0
523,1580234720,1.62989,1.63016,0.0,0,1580234720433,130,0.0
524,1580234720,1.62989,1.6301299999999999,0.0,0,1580234720635,4,0.0
525,1580234720,1.62985,1.6301299999999999,0.0,0,1580234720836,130,0.0
526,1580234721,1.62985,1.63012,0.0,0,1580234721030,4,0.0
527,1580234721,1.6299000000000001,1.63014,0.0,0,1580234721233,134,0.0
528,1580234721,1.62995,1.63018,0.0,0,1580234721333,134,0.0
529,1580234722,1.62995,1.6301700000000001,0.0,0,1580234722139,4,0.0
530,1580234722,1.62995,1.6301999999999999,0.0,0,1580234722553,4,0.0
531,1580234722,1.62995,1.63019,0.0,0,1580234722735,4,0.0
532,1580234722,1.62995,1.6301700000000001,0.0,0,1580234722963,4,0.0
533,1580234723,1.62995,1.63019,0.0,0,1580234723543,4,0.0
534,1580234723,1.62991,1.63016,0.0,0,1580234723946,134,0.0
535,1580234724,1.6298599999999999,1.63011,0.0,0,1580234724154,134,0.0
536,1580234724,1.6298599999999999,1.63012,0.0,0,1580234724552,4,0.0
537,1580234724,1.62987,1.6301299999999999,0.0,0,1580234724952,134,0.0
538,1580234729,1.6299000000000001,1.63015,0.0,0,1580234729691,134,0.0
539,1580234729,1.6299000000000001,1.63018,0.0,0,1580234729870,4,0.0
540,1580234730,1.6299000000000001,1.6301700000000001,0.0,0,1580234730274,4,0.0
541,1580234730,1.62981,1.63005,0.0,0,1580234730472,134,0.0
542,1580234730,1.6297899999999998,1.63,0.0,0,1580234730670,134,0.0
543,1580234731,1.62981,1.6300599999999998,0.0,0,1580234731269,134,0.0
544,1580234731,1.6297899999999998,1.63003,0.0,0,1580234731793,134,0.0
545,1580234733,1.6297899999999998,1.6300400000000002,0.0,0,1580234733584,4,0.0
546,1580234734,1.6297899999999998,1.63005,0.0,0,1580234734201,4,0.0
547,1580234734,1.62978,1.63003,0.0,0,1580234734384,134,0.0
548,1580234734,1.6298,1.63003,0.0,0,1580234734657,130,0.0
549,1580234734,1.6297700000000002,1.63003,0.0,0,1580234734786,130,0.0
550,1580234735,1.62973,1.63,0.0,0,1580234735181,134,0.0
551,1580234736,1.62975,1.63,0.0,0,1580234736884,130,0.0
552,1580234738,1.6297000000000001,1.62991,0.0,0,1580234738493,134,0.0
553,1580234738,1.62964,1.62991,0.0,0,1580234738589,130,0.0
554,1580234738,1.6296599999999999,1.62991,0.0,0,1580234738997,130,0.0
555,1580234739,1.62962,1.6299000000000001,0.0,0,1580234739188,134,0.0
556,1580234740,1.62962,1.62989,0.0,0,1580234740101,4,0.0
557,1580234740,1.62964,1.62991,0.0,0,1580234740800,134,0.0
558,1580234741,1.6296599999999999,1.62991,0.0,0,1580234741004,130,0.0
559,1580234741,1.62965,1.62991,0.0,0,1580234741308,130,0.0
560,1580234741,1.62964,1.62991,0.0,0,1580234741905,130,0.0
561,1580234742,1.6296300000000001,1.62991,0.0,0,1580234742411,130,0.0
562,1580234743,1.6296599999999999,1.6299299999999999,0.0,0,1580234743106,134,0.0
563,1580234743,1.62967,1.6299299999999999,0.0,0,1580234743311,130,0.0
564,1580234743,1.6296599999999999,1.6299299999999999,0.0,0,1580234743608,130,0.0
565,1580234743,1.6296599999999999,1.62994,0.0,0,1580234743907,4,0.0
566,1580234744,1.62967,1.62994,0.0,0,1580234744819,130,0.0
567,1580234746,1.62965,1.6299299999999999,0.0,0,1580234746234,134,0.0
568,1580234746,1.6296599999999999,1.62994,0.0,0,1580234746615,134,0.0
569,1580234746,1.62965,1.6299299999999999,0.0,0,1580234746828,134,0.0
570,1580234747,1.62965,1.62992,0.0,0,1580234747022,4,0.0
571,1580234752,1.6296599999999999,1.6299299999999999,0.0,0,1580234752130,134,0.0
572,1580234753,1.62967,1.6299299999999999,0.0,0,1580234753529,130,0.0
573,1580234753,1.6296599999999999,1.62994,0.0,0,1580234753743,134,0.0
574,1580234753,1.62965,1.62994,0.0,0,1580234753945,130,0.0
575,1580234754,1.62965,1.6299000000000001,0.0,0,1580234754137,4,0.0
576,1580234754,1.62962,1.62989,0.0,0,1580234754337,134,0.0
577,1580234754,1.62965,1.62989,0.0,0,1580234754837,130,0.0
578,1580234756,1.62967,1.62992,0.0,0,1580234756156,134,0.0
579,1580234756,1.62965,1.62992,0.0,0,1580234756341,130,0.0
580,1580234756,1.6296599999999999,1.6299299999999999,0.0,0,1580234756646,134,0.0
581,1580234758,1.6296599999999999,1.62992,0.0,0,1580234758153,4,0.0
582,1580234758,1.62964,1.62991,0.0,0,1580234758756,134,0.0
583,1580234758,1.62964,1.62992,0.0,0,1580234758948,4,0.0
584,1580234760,1.62964,1.62992,0.0,0,1580234760260,130,0.0
585,1580234760,1.62968,1.62995,0.0,0,1580234760458,134,0.0
586,1580234760,1.62968,1.62994,0.0,0,1580234760655,4,0.0
587,1580234760,1.62968,1.62995,0.0,0,1580234760986,4,0.0
588,1580234761,1.62968,1.6299299999999999,0.0,0,1580234761156,4,0.0
589,1580234761,1.62964,1.62991,0.0,0,1580234761664,134,0.0
590,1580234762,1.6297000000000001,1.62994,0.0,0,1580234762966,134,0.0
591,1580234763,1.62971,1.6299700000000001,0.0,0,1580234763466,134,0.0
592,1580234764,1.62968,1.62994,0.0,0,1580234764971,134,0.0
593,1580234765,1.62968,1.6299299999999999,0.0,0,1580234765175,4,0.0
594,1580234766,1.62968,1.62992,0.0,0,1580234766684,4,0.0
595,1580234766,1.62965,1.6299000000000001,0.0,0,1580234766878,134,0.0
596,1580234767,1.6296300000000001,1.62989,0.0,0,1580234767480,134,0.0
597,1580234769,1.6295600000000001,1.62981,0.0,0,1580234769685,134,0.0
598,1580234770,1.62951,1.6297899999999998,0.0,0,1580234770683,134,0.0
599,1580234770,1.6295600000000001,1.62981,0.0,0,1580234770879,134,0.0
600,1580234772,1.62955,1.62981,0.0,0,1580234772193,130,0.0
601,1580234772,1.62953,1.6298,0.0,0,1580234772390,134,0.0
602,1580234772,1.6295199999999999,1.6298,0.0,0,1580234772598,130,0.0
603,1580234774,1.62953,1.6298,0.0,0,1580234774501,130,0.0
604,1580234774,1.6295199999999999,1.6298,0.0,0,1580234774996,130,0.0
605,1580234776,1.6295600000000001,1.62982,0.0,0,1580234776708,134,0.0
606,1580234776,1.6296599999999999,1.62989,0.0,0,1580234776807,134,0.0
607,1580234777,1.6296599999999999,1.6299000000000001,0.0,0,1580234777004,4,0.0
608,1580234779,1.6296599999999999,1.62991,0.0,0,1580234779709,4,0.0
609,1580234779,1.6295899999999999,1.62987,0.0,0,1580234779917,134,0.0
610,1580234780,1.6295899999999999,1.6298300000000001,0.0,0,1580234780118,4,0.0
611,1580234781,1.62958,1.6298300000000001,0.0,0,1580234781017,130,0.0
612,1580234781,1.6295899999999999,1.6298300000000001,0.0,0,1580234781429,130,0.0
613,1580234781,1.62962,1.62987,0.0,0,1580234781620,134,0.0
614,1580234781,1.6295899999999999,1.62987,0.0,0,1580234781820,130,0.0
615,1580234782,1.6296300000000001,1.62987,0.0,0,1580234782427,130,0.0
616,1580234782,1.6296300000000001,1.62988,0.0,0,1580234782636,4,0.0
617,1580234782,1.6295899999999999,1.62985,0.0,0,1580234782839,134,0.0
618,1580234784,1.62962,1.62988,0.0,0,1580234784231,134,0.0
619,1580234784,1.6295600000000001,1.6298,0.0,0,1580234784331,134,0.0
620,1580234784,1.62954,1.6298,0.0,0,1580234784529,130,0.0
621,1580234786,1.62951,1.62978,0.0,0,1580234786646,134,0.0
622,1580234788,1.62954,1.62978,0.0,0,1580234788836,130,0.0
623,1580234789,1.6295600000000001,1.62981,0.0,0,1580234789042,134,0.0
624,1580234789,1.62953,1.62978,0.0,0,1580234789243,134,0.0
625,1580234789,1.62949,1.62975,0.0,0,1580234789643,134,0.0
626,1580234792,1.6295,1.62975,0.0,0,1580234792049,130,0.0
627,1580234792,1.62949,1.62975,0.0,0,1580234792554,130,0.0
628,1580234797,1.62947,1.6297199999999998,0.0,0,1580234797561,134,0.0
629,1580234798,1.62944,1.6297199999999998,0.0,0,1580234798354,130,0.0
630,1580234800,1.62949,1.6297199999999998,0.0,0,1580234800569,130,0.0
631,1580234800,1.6295,1.6297700000000002,0.0,0,1580234800668,134,0.0
632,1580234801,1.62949,1.62973,0.0,0,1580234801573,134,0.0
633,1580234801,1.62948,1.62973,0.0,0,1580234801776,130,0.0
634,1580234802,1.62949,1.62973,0.0,0,1580234802170,130,0.0
635,1580234804,1.6295,1.62976,0.0,0,1580234804285,134,0.0
636,1580234804,1.62951,1.62976,0.0,0,1580234804779,130,0.0
637,1580234805,1.6295,1.62976,0.0,0,1580234805076,130,0.0
638,1580234805,1.62946,1.6297199999999998,0.0,0,1580234805277,134,0.0
639,1580234805,1.6294499999999998,1.6297199999999998,0.0,0,1580234805482,130,0.0
640,1580234806,1.62944,1.62971,0.0,0,1580234806076,134,0.0
641,1580234807,1.62948,1.62974,0.0,0,1580234807180,134,0.0
642,1580234807,1.62944,1.6297199999999998,0.0,0,1580234807788,134,0.0
643,1580234810,1.6295199999999999,1.6297700000000002,0.0,0,1580234810296,134,0.0
644,1580234810,1.62953,1.6298,0.0,0,1580234810490,134,0.0
645,1580234810,1.62954,1.6298,0.0,0,1580234810997,130,0.0
646,1580234811,1.62953,1.6298,0.0,0,1580234811289,130,0.0
647,1580234812,1.62954,1.6298300000000001,0.0,0,1580234812096,134,0.0
648,1580234813,1.62954,1.62982,0.0,0,1580234813802,4,0.0
649,1580234815,1.62953,1.6298,0.0,0,1580234815800,134,0.0
650,1580234816,1.62954,1.6298,0.0,0,1580234816900,130,0.0
651,1580234820,1.62954,1.6298,0.0,0,1580234820423,130,0.0
652,1580234820,1.6295600000000001,1.62982,0.0,0,1580234820617,134,0.0
653,1580234825,1.62958,1.62982,0.0,0,1580234825923,130,0.0
654,1580234826,1.62962,1.6298599999999999,0.0,0,1580234826204,134,0.0
655,1580234826,1.6296300000000001,1.62989,0.0,0,1580234826329,134,0.0
656,1580234826,1.62964,1.62989,0.0,0,1580234826529,130,0.0
657,1580234828,1.62967,1.62992,0.0,0,1580234828206,134,0.0
658,1580234829,1.62969,1.62992,0.0,0,1580234829244,130,0.0
659,1580234829,1.6297199999999998,1.6299700000000001,0.0,0,1580234829735,134,0.0
660,1580234830,1.62974,1.62999,0.0,0,1580234830339,134,0.0
661,1580234831,1.62974,1.62998,0.0,0,1580234831153,4,0.0
662,1580234833,1.62974,1.62999,0.0,0,1580234833150,4,0.0
663,1580234833,1.6297199999999998,1.62999,0.0,0,1580234833356,130,0.0
664,1580234833,1.6297700000000002,1.63002,0.0,0,1580234833859,134,0.0
665,1580234835,1.62975,1.63002,0.0,0,1580234835156,130,0.0
666,1580234836,1.6297199999999998,1.62998,0.0,0,1580234836062,134,0.0
667,1580234836,1.62971,1.62996,0.0,0,1580234836668,134,0.0
668,1580234837,1.62975,1.62999,0.0,0,1580234837060,134,0.0
669,1580234837,1.62978,1.63005,0.0,0,1580234837272,134,0.0
670,1580234838,1.6299000000000001,1.63011,0.0,0,1580234838471,134,0.0
671,1580234838,1.62985,1.63012,0.0,0,1580234838567,134,0.0
672,1580234838,1.62985,1.63009,0.0,0,1580234838770,4,0.0
673,1580234841,1.62985,1.63008,0.0,0,1580234841178,4,0.0
674,1580234841,1.62982,1.63008,0.0,0,1580234841373,130,0.0
675,1580234841,1.62984,1.63008,0.0,0,1580234841584,130,0.0
676,1580234841,1.62984,1.63009,0.0,0,1580234841785,4,0.0
677,1580234842,1.62982,1.6300599999999998,0.0,0,1580234842483,134,0.0
678,1580234842,1.6297899999999998,1.6300599999999998,0.0,0,1580234842684,130,0.0
679,1580234843,1.62981,1.6300599999999998,0.0,0,1580234843287,130,0.0
680,1580234848,1.6298,1.6300599999999998,0.0,0,1580234848096,130,0.0
681,1580234848,1.6298,1.63005,0.0,0,1580234848589,4,0.0
682,1580234850,1.6298,1.63002,0.0,0,1580234850298,4,0.0
683,1580234853,1.62982,1.6300599999999998,0.0,0,1580234853805,134,0.0
684,1580234854,1.62992,1.63011,0.0,0,1580234854215,134,0.0
685,1580234854,1.62994,1.63019,0.0,0,1580234854305,134,0.0
686,1580234854,1.62992,1.63016,0.0,0,1580234854520,134,0.0
687,1580234855,1.62992,1.6301299999999999,0.0,0,1580234855106,4,0.0
688,1580234855,1.62992,1.63019,0.0,0,1580234855915,4,0.0
689,1580234856,1.62992,1.6301700000000001,0.0,0,1580234856420,4,0.0
690,1580234857,1.62989,1.63011,0.0,0,1580234857117,134,0.0
691,1580234861,1.62988,1.63011,0.0,0,1580234861260,130,0.0
692,1580234862,1.62988,1.63015,0.0,0,1580234862435,4,0.0
693,1580234862,1.6298599999999999,1.63009,0.0,0,1580234862840,134,0.0
694,1580234863,1.6298599999999999,1.63007,0.0,0,1580234863246,4,0.0
695,1580234863,1.62982,1.63007,0.0,0,1580234863436,130,0.0
696,1580234866,1.62984,1.6301,0.0,0,1580234866543,134,0.0
697,1580234866,1.62984,1.63007,0.0,0,1580234866741,4,0.0
698,1580234868,1.62981,1.63007,0.0,0,1580234868352,130,0.0
699,1580234871,1.62987,1.63011,0.0,0,1580234871360,134,0.0
700,1580234871,1.6299000000000001,1.63016,0.0,0,1580234871461,134,0.0
701,1580234872,1.62988,1.6301299999999999,0.0,0,1580234872562,134,0.0
702,1580234872,1.6298599999999999,1.63011,0.0,0,1580234872960,134,0.0
703,1580234875,1.62987,1.63011,0.0,0,1580234875070,130,0.0
704,1580234876,1.6298599999999999,1.63011,0.0,0,1580234876670,130,0.0
705,1580234877,1.62988,1.63011,0.0,0,1580234877875,130,0.0
706,1580234878,1.62987,1.63011,0.0,0,1580234878278,130,0.0
707,1580234878,1.6298599999999999,1.63011,0.0,0,1580234878478,130,0.0
708,1580234879,1.62987,1.63011,0.0,0,1580234879082,130,0.0
709,1580234880,1.62987,1.63011,0.0,0,1580234880083,130,0.0
710,1580234884,1.62987,1.63012,0.0,0,1580234884100,4,0.0
711,1580234884,1.6298599999999999,1.63009,0.0,0,1580234884994,134,0.0
712,1580234888,1.62984,1.63009,0.0,0,1580234888701,130,0.0
713,1580234891,1.6298300000000001,1.63007,0.0,0,1580234891305,134,0.0
714,1580234892,1.62981,1.63007,0.0,0,1580234892810,130,0.0
715,1580234895,1.6298599999999999,1.6301,0.0,0,1580234895027,134,0.0
716,1580234895,1.62988,1.6301299999999999,0.0,0,1580234895225,134,0.0
717,1580234900,1.62985,1.63008,0.0,0,1580234900127,134,0.0
718,1580234902,1.62984,1.63008,0.0,0,1580234902633,130,0.0
719,1580234902,1.62985,1.63008,0.0,0,1580234902832,130,0.0
720,1580234904,1.6298599999999999,1.63008,0.0,0,1580234904836,130,0.0
721,1580234906,1.6299299999999999,1.63012,0.0,0,1580234906239,134,0.0
722,1580234906,1.62989,1.6301299999999999,0.0,0,1580234906452,134,0.0
723,1580234906,1.6298599999999999,1.63008,0.0,0,1580234906638,134,0.0
724,1580234908,1.62985,1.63008,0.0,0,1580234908950,130,0.0
725,1580234909,1.62988,1.63008,0.0,0,1580234909847,130,0.0
726,1580234910,1.62988,1.63011,0.0,0,1580234910452,4,0.0
727,1580234910,1.6299000000000001,1.63011,0.0,0,1580234910652,130,0.0
728,1580234911,1.6298599999999999,1.63011,0.0,0,1580234911330,130,0.0
729,1580234911,1.6298599999999999,1.63005,0.0,0,1580234911355,4,0.0
730,1580234912,1.6298599999999999,1.6301,0.0,0,1580234912859,4,0.0
731,1580234913,1.62988,1.63005,0.0,0,1580234913258,134,0.0
732,1580234913,1.62984,1.63005,0.0,0,1580234913564,130,0.0
733,1580234915,1.6298300000000001,1.63005,0.0,0,1580234915469,130,0.0
734,1580234915,1.62984,1.63005,0.0,0,1580234915770,130,0.0
735,1580234916,1.6298300000000001,1.63005,0.0,0,1580234916665,130,0.0
736,1580234916,1.6298599999999999,1.63005,0.0,0,1580234916871,130,0.0
737,1580234917,1.6298599999999999,1.6301,0.0,0,1580234917074,4,0.0
738,1580234917,1.6298599999999999,1.63011,0.0,0,1580234917672,4,0.0
739,1580234918,1.6298599999999999,1.6301,0.0,0,1580234918085,4,0.0
740,1580234919,1.6298599999999999,1.63011,0.0,0,1580234919086,4,0.0
741,1580234922,1.6298300000000001,1.63007,0.0,0,1580234922283,134,0.0
742,1580234922,1.62982,1.63007,0.0,0,1580234922484,130,0.0
743,1580234922,1.62982,1.6300400000000002,0.0,0,1580234922695,4,0.0
744,1580234923,1.62984,1.63007,0.0,0,1580234923495,134,0.0
745,1580234923,1.62987,1.63007,0.0,0,1580234923794,130,0.0
746,1580234927,1.62984,1.63007,0.0,0,1580234927196,130,0.0
747,1580234927,1.62987,1.6301,0.0,0,1580234927404,134,0.0
748,1580234929,1.62984,1.6301,0.0,0,1580234929208,130,0.0
749,1580234933,1.62984,1.63009,0.0,0,1580234933922,4,0.0
750,1580234934,1.62984,1.6301,0.0,0,1580234934425,4,0.0
751,1580234935,1.62984,1.63008,0.0,0,1580234935023,4,0.0
752,1580234935,1.62981,1.63007,0.0,0,1580234935218,134,0.0
753,1580234935,1.6297700000000002,1.63002,0.0,0,1580234935523,134,0.0
754,1580234935,1.62975,1.62999,0.0,0,1580234935722,134,0.0
755,1580234936,1.6297899999999998,1.62999,0.0,0,1580234936327,130,0.0
756,1580234936,1.62974,1.62999,0.0,0,1580234936432,130,0.0
757,1580234937,1.6297700000000002,1.62999,0.0,0,1580234937832,130,0.0
758,1580234938,1.62974,1.62999,0.0,0,1580234938930,130,0.0
759,1580234939,1.62973,1.62999,0.0,0,1580234939331,130,0.0
760,1580234940,1.62971,1.62995,0.0,0,1580234940230,134,0.0
761,1580234940,1.6297000000000001,1.62995,0.0,0,1580234940435,130,0.0
762,1580234940,1.6297000000000001,1.62996,0.0,0,1580234940734,4,0.0
763,1580234940,1.62971,1.62996,0.0,0,1580234940936,130,0.0
764,1580234941,1.62968,1.6299299999999999,0.0,0,1580234941141,134,0.0
765,1580234941,1.6297000000000001,1.62995,0.0,0,1580234941885,134,0.0
766,1580234942,1.62967,1.6299000000000001,0.0,0,1580234942236,134,0.0
767,1580234942,1.6296599999999999,1.62989,0.0,0,1580234942444,134,0.0
768,1580234942,1.6296599999999999,1.62988,0.0,0,1580234942649,4,0.0
769,1580234942,1.6297000000000001,1.62994,0.0,0,1580234942947,134,0.0
770,1580234943,1.62968,1.6299299999999999,0.0,0,1580234943138,134,0.0
771,1580234945,1.62967,1.62992,0.0,0,1580234945075,134,0.0
772,1580234945,1.6297199999999998,1.62995,0.0,0,1580234945961,134,0.0
773,1580234946,1.6297199999999998,1.62996,0.0,0,1580234946157,4,0.0
774,1580234946,1.6297199999999998,1.62999,0.0,0,1580234946661,4,0.0
775,1580234948,1.62973,1.62999,0.0,0,1580234948264,130,0.0
776,1580234948,1.6297199999999998,1.62999,0.0,0,1580234948961,130,0.0
777,1580234949,1.62973,1.62999,0.0,0,1580234949362,130,0.0
778,1580234949,1.6297199999999998,1.62999,0.0,0,1580234949765,130,0.0
779,1580234949,1.6297199999999998,1.62998,0.0,0,1580234949964,4,0.0
780,1580234950,1.6297000000000001,1.6299700000000001,0.0,0,1580234950172,134,0.0
781,1580234950,1.6297199999999998,1.62999,0.0,0,1580234950380,134,0.0
782,1580234951,1.62969,1.62996,0.0,0,1580234951077,134,0.0
783,1580234953,1.62971,1.6299700000000001,0.0,0,1580234953574,134,0.0
784,1580234953,1.62973,1.63,0.0,0,1580234953785,134,0.0
785,1580234954,1.6297199999999998,1.62999,0.0,0,1580234954478,134,0.0
786,1580234955,1.6297199999999998,1.62998,0.0,0,1580234955197,4,0.0
787,1580234955,1.62968,1.62996,0.0,0,1580234955491,134,0.0
788,1580234956,1.62969,1.62996,0.0,0,1580234956078,130,0.0
789,1580234956,1.62971,1.62998,0.0,0,1580234956984,134,0.0
790,1580234957,1.62971,1.62996,0.0,0,1580234957287,4,0.0
791,1580234959,1.6297199999999998,1.62998,0.0,0,1580234959292,134,0.0
792,1580234959,1.6297199999999998,1.63,0.0,0,1580234959496,4,0.0
793,1580234959,1.6297199999999998,1.62999,0.0,0,1580234959994,4,0.0
794,1580234961,1.6297199999999998,1.63,0.0,0,1580234961194,4,0.0
795,1580234962,1.62971,1.62999,0.0,0,1580234962899,134,0.0
796,1580234963,1.62971,1.62998,0.0,0,1580234963203,4,0.0
797,1580234964,1.62974,1.62999,0.0,0,1580234964016,134,0.0
798,1580234964,1.62978,1.63002,0.0,0,1580234964203,134,0.0
799,1580234964,1.62974,1.63003,0.0,0,1580234964415,134,0.0
800,1580234964,1.62974,1.63002,0.0,0,1580234964601,4,0.0
801,1580234965,1.62974,1.63001,0.0,0,1580234965607,4,0.0
802,1580234965,1.62974,1.63,0.0,0,1580234965813,4,0.0
803,1580234966,1.62974,1.63001,0.0,0,1580234966008,4,0.0
804,1580234970,1.6297899999999998,1.6300400000000002,0.0,0,1580234970421,134,0.0
805,1580234970,1.6297899999999998,1.63005,0.0,0,1580234970618,4,0.0
806,1580234971,1.6297899999999998,1.63003,0.0,0,1580234971321,4,0.0
807,1580234971,1.6297899999999998,1.63002,0.0,0,1580234971521,4,0.0
808,1580234972,1.6297899999999998,1.63003,0.0,0,1580234972228,4,0.0
809,1580234973,1.6297899999999998,1.6300400000000002,0.0,0,1580234973032,4,0.0
810,1580234973,1.6297899999999998,1.63003,0.0,0,1580234973327,4,0.0
811,1580234975,1.6297899999999998,1.63001,0.0,0,1580234975529,4,0.0
812,1580234976,1.6297899999999998,1.63002,0.0,0,1580234976533,4,0.0
813,1580234976,1.6297899999999998,1.63001,0.0,0,1580234976730,4,0.0
814,1580234977,1.6297899999999998,1.63002,0.0,0,1580234977330,4,0.0
815,1580234977,1.6297899999999998,1.63001,0.0,0,1580234977535,4,0.0
816,1580234978,1.6297899999999998,1.63003,0.0,0,1580234978537,4,0.0
817,1580234979,1.6297899999999998,1.63002,0.0,0,1580234979338,4,0.0
818,1580234979,1.6297899999999998,1.63001,0.0,0,1580234979542,4,0.0
819,1580234979,1.6297899999999998,1.63002,0.0,0,1580234979735,4,0.0
820,1580234979,1.62978,1.63003,0.0,0,1580234979933,134,0.0
821,1580234980,1.62978,1.6300400000000002,0.0,0,1580234980135,4,0.0
822,1580234981,1.6297899999999998,1.6300400000000002,0.0,0,1580234981049,130,0.0
823,1580234981,1.62975,1.63003,0.0,0,1580234981842,134,0.0
824,1580234982,1.62975,1.63002,0.0,0,1580234982051,4,0.0
825,1580234982,1.62975,1.63003,0.0,0,1580234982648,4,0.0
826,1580234982,1.62975,1.63002,0.0,0,1580234982847,4,0.0
827,1580234983,1.62975,1.63001,0.0,0,1580234983650,4,0.0
828,1580234983,1.6297700000000002,1.63001,0.0,0,1580234983852,130,0.0
829,1580234988,1.6297700000000002,1.63002,0.0,0,1580234988562,4,0.0
830,1580234989,1.6297700000000002,1.63001,0.0,0,1580234989981,4,0.0
831,1580234990,1.62978,1.63002,0.0,0,1580234990170,134,0.0
832,1580234990,1.62974,1.62999,0.0,0,1580234990366,134,0.0
833,1580234995,1.62973,1.62999,0.0,0,1580234995277,130,0.0
834,1580234995,1.62974,1.62999,0.0,0,1580234995485,130,0.0
835,1580234997,1.62973,1.62999,0.0,0,1580234997076,130,0.0
836,1580234997,1.62976,1.63001,0.0,0,1580234997489,134,0.0
837,1580234997,1.6297899999999998,1.63005,0.0,0,1580234997683,134,0.0
838,1580234997,1.6298,1.63005,0.0,0,1580234997881,130,0.0
839,1580234998,1.62982,1.63007,0.0,0,1580234998490,134,0.0
840,1580234999,1.62982,1.6300599999999998,0.0,0,1580234999827,4,0.0
841,1580235000,1.62982,1.63007,0.0,0,1580235000297,134,0.0
842,1580235001,1.62982,1.6300599999999998,0.0,0,1580235001806,4,0.0
843,1580235001,1.62982,1.63007,0.0,0,1580235001999,4,0.0
844,1580235002,1.62982,1.6300599999999998,0.0,0,1580235002706,4,0.0
845,1580235004,1.6297899999999998,1.63003,0.0,0,1580235004231,134,0.0
846,1580235009,1.6297700000000002,1.63002,0.0,0,1580235009219,134,0.0
847,1580235009,1.6297700000000002,1.63001,0.0,0,1580235009419,4,0.0
848,1580235009,1.6297700000000002,1.63002,0.0,0,1580235009820,4,0.0
849,1580235010,1.6297700000000002,1.63001,0.0,0,1580235010329,4,0.0
850,1580235011,1.62975,1.62999,0.0,0,1580235011824,134,0.0
851,1580235012,1.62974,1.62998,0.0,0,1580235012823,134,0.0
852,1580235014,1.6297700000000002,1.63002,0.0,0,1580235014038,134,0.0
853,1580235014,1.6297700000000002,1.63,0.0,0,1580235014227,4,0.0
854,1580235014,1.62973,1.62998,0.0,0,1580235014434,134,0.0
855,1580235016,1.62973,1.6299700000000001,0.0,0,1580235016032,4,0.0
856,1580235016,1.62969,1.6299299999999999,0.0,0,1580235016843,134,0.0
857,1580235017,1.62969,1.62992,0.0,0,1580235017047,4,0.0
858,1580235017,1.62969,1.6299299999999999,0.0,0,1580235017245,4,0.0
859,1580235017,1.62969,1.62994,0.0,0,1580235017933,4,0.0
860,1580235018,1.62969,1.6299299999999999,0.0,0,1580235018145,4,0.0
861,1580235021,1.62965,1.6299000000000001,0.0,0,1580235021154,134,0.0
862,1580235021,1.62961,1.6298599999999999,0.0,0,1580235021950,134,0.0
863,1580235024,1.62964,1.62989,0.0,0,1580235024168,134,0.0
864,1580235024,1.62964,1.6299000000000001,0.0,0,1580235024369,4,0.0
865,1580235024,1.62967,1.62991,0.0,0,1580235024562,134,0.0
866,1580235025,1.62967,1.62992,0.0,0,1580235025562,4,0.0
867,1580235026,1.62967,1.62991,0.0,0,1580235026057,4,0.0
868,1580235026,1.62967,1.62992,0.0,0,1580235026266,4,0.0
869,1580235029,1.62964,1.62989,0.0,0,1580235029976,134,0.0
870,1580235030,1.6296300000000001,1.62989,0.0,0,1580235030786,130,0.0
871,1580235031,1.62967,1.6299299999999999,0.0,0,1580235031691,134,0.0
872,1580235034,1.62968,1.6299299999999999,0.0,0,1580235034490,130,0.0
873,1580235034,1.6297000000000001,1.62996,0.0,0,1580235034692,134,0.0
874,1580235034,1.62973,1.62998,0.0,0,1580235034889,134,0.0
875,1580235039,1.6297000000000001,1.62998,0.0,0,1580235039010,130,0.0
876,1580235041,1.6297000000000001,1.6299700000000001,0.0,0,1580235041701,4,0.0
877,1580235042,1.62971,1.6299700000000001,0.0,0,1580235042309,130,0.0
878,1580235042,1.62971,1.62998,0.0,0,1580235042603,4,0.0
879,1580235044,1.62974,1.62999,0.0,0,1580235044503,134,0.0
880,1580235049,1.62981,1.63001,0.0,0,1580235049827,134,0.0
881,1580235050,1.62981,1.6300599999999998,0.0,0,1580235050017,4,0.0
882,1580235052,1.62982,1.63007,0.0,0,1580235052524,134,0.0
883,1580235053,1.6297899999999998,1.63005,0.0,0,1580235053538,134,0.0
884,1580235054,1.62981,1.63005,0.0,0,1580235054032,130,0.0
885,1580235060,1.62981,1.63005,0.0,0,1580235060645,130,0.0
886,1580235063,1.6297899999999998,1.63005,0.0,0,1580235063752,130,0.0
887,1580235063,1.62975,1.63001,0.0,0,1580235063965,134,0.0
888,1580235064,1.62982,1.6300599999999998,0.0,0,1580235064236,134,0.0
889,1580235064,1.6297899999999998,1.63005,0.0,0,1580235064382,134,0.0
890,1580235064,1.6298,1.63005,0.0,0,1580235064968,130,0.0
891,1580235065,1.6298300000000001,1.63008,0.0,0,1580235065183,134,0.0
892,1580235065,1.62985,1.63011,0.0,0,1580235065369,134,0.0
893,1580235065,1.62989,1.63016,0.0,0,1580235065560,134,0.0
894,1580235065,1.62985,1.6301299999999999,0.0,0,1580235065763,134,0.0
895,1580235065,1.6298599999999999,1.6301299999999999,0.0,0,1580235065967,130,0.0
896,1580235066,1.62985,1.63012,0.0,0,1580235066171,134,0.0
897,1580235067,1.6298599999999999,1.6301299999999999,0.0,0,1580235067165,134,0.0
898,1580235068,1.62989,1.6301299999999999,0.0,0,1580235068197,130,0.0
899,1580235071,1.62991,1.63016,0.0,0,1580235071686,134,0.0
900,1580235071,1.6299000000000001,1.6301700000000001,0.0,0,1580235071885,134,0.0
901,1580235072,1.6299000000000001,1.63016,0.0,0,1580235072177,4,0.0
902,1580235072,1.6299000000000001,1.6301700000000001,0.0,0,1580235072376,4,0.0
903,1580235073,1.62994,1.63018,0.0,0,1580235073984,134,0.0
904,1580235074,1.62994,1.63019,0.0,0,1580235074223,4,0.0
905,1580235074,1.62994,1.63018,0.0,0,1580235074390,4,0.0
906,1580235076,1.62991,1.63018,0.0,0,1580235076797,130,0.0
907,1580235080,1.62989,1.63015,0.0,0,1580235080500,134,0.0
908,1580235080,1.62985,1.63011,0.0,0,1580235080702,134,0.0
909,1580235080,1.6299000000000001,1.63015,0.0,0,1580235080904,134,0.0
910,1580235081,1.6299000000000001,1.63016,0.0,0,1580235081108,4,0.0
911,1580235083,1.6299000000000001,1.6301700000000001,0.0,0,1580235083120,4,0.0
912,1580235083,1.6299000000000001,1.63016,0.0,0,1580235083318,4,0.0
913,1580235083,1.62991,1.63016,0.0,0,1580235083710,130,0.0
914,1580235085,1.6299000000000001,1.63016,0.0,0,1580235085625,130,0.0
915,1580235085,1.62988,1.6301299999999999,0.0,0,1580235085824,134,0.0
916,1580235088,1.62985,1.63009,0.0,0,1580235088323,134,0.0
917,1580235088,1.62981,1.63007,0.0,0,1580235088539,134,0.0
918,1580235088,1.6298300000000001,1.63007,0.0,0,1580235088924,130,0.0
919,1580235090,1.62982,1.63007,0.0,0,1580235090629,130,0.0
920,1580235092,1.62985,1.63011,0.0,0,1580235092833,134,0.0
921,1580235095,1.62982,1.6301,0.0,0,1580235095437,134,0.0
922,1580235095,1.62978,1.63005,0.0,0,1580235095535,134,0.0
923,1580235095,1.62978,1.63003,0.0,0,1580235095749,4,0.0
924,1580235098,1.62976,1.63003,0.0,0,1580235098644,130,0.0
925,1580235101,1.62975,1.63002,0.0,0,1580235101047,134,0.0
926,1580235103,1.62975,1.63001,0.0,0,1580235103450,4,0.0
927,1580235103,1.62975,1.63,0.0,0,1580235103653,4,0.0
928,1580235105,1.62975,1.62999,0.0,0,1580235105260,4,0.0
929,1580235106,1.62975,1.62998,0.0,0,1580235106667,4,0.0
930,1580235107,1.62975,1.62999,0.0,0,1580235107265,4,0.0
931,1580235107,1.62975,1.62998,0.0,0,1580235107462,4,0.0
932,1580235108,1.62975,1.62999,0.0,0,1580235108264,4,0.0
933,1580235109,1.62975,1.62998,0.0,0,1580235109578,4,0.0
934,1580235110,1.62971,1.62998,0.0,0,1580235110672,130,0.0
935,1580235110,1.62971,1.6299700000000001,0.0,0,1580235110874,4,0.0
936,1580235112,1.62971,1.62998,0.0,0,1580235112474,4,0.0
937,1580235113,1.62975,1.63001,0.0,0,1580235113879,134,0.0
938,1580235114,1.62975,1.63002,0.0,0,1580235114073,4,0.0
939,1580235117,1.62975,1.62999,0.0,0,1580235117790,4,0.0
940,1580235119,1.6297199999999998,1.62999,0.0,0,1580235119598,130,0.0
941,1580235119,1.6297199999999998,1.62998,0.0,0,1580235119791,4,0.0
942,1580235120,1.6297199999999998,1.62998,0.0,0,1580235120397,130,0.0
943,1580235121,1.6297199999999998,1.62999,0.0,0,1580235121200,4,0.0
944,1580235126,1.62975,1.63001,0.0,0,1580235126012,134,0.0
945,1580235130,1.62978,1.63001,0.0,0,1580235130422,130,0.0
946,1580235132,1.62978,1.63003,0.0,0,1580235132328,4,0.0
947,1580235133,1.6298,1.6300599999999998,0.0,0,1580235133357,134,0.0
948,1580235136,1.62978,1.63003,0.0,0,1580235136143,134,0.0
949,1580235136,1.62976,1.63001,0.0,0,1580235136538,134,0.0
950,1580235137,1.62978,1.63003,0.0,0,1580235137041,134,0.0
951,1580235140,1.62978,1.63002,0.0,0,1580235140164,4,0.0
952,1580235140,1.62975,1.62999,0.0,0,1580235140854,134,0.0
953,1580235144,1.62975,1.63001,0.0,0,1580235144068,4,0.0
954,1580235144,1.62978,1.63002,0.0,0,1580235144762,134,0.0
955,1580235144,1.6298,1.63003,0.0,0,1580235144966,134,0.0
956,1580235145,1.62981,1.63003,0.0,0,1580235145173,130,0.0
957,1580235145,1.62982,1.63008,0.0,0,1580235145680,134,0.0
958,1580235148,1.62985,1.6301,0.0,0,1580235148797,134,0.0
959,1580235148,1.62982,1.63007,0.0,0,1580235148981,134,0.0
960,1580235149,1.62981,1.63007,0.0,0,1580235149374,130,0.0
961,1580235150,1.6298,1.6300400000000002,0.0,0,1580235150572,134,0.0
962,1580235150,1.62981,1.63007,0.0,0,1580235150780,134,0.0
963,1580235154,1.62981,1.6300599999999998,0.0,0,1580235154083,4,0.0
964,1580235162,1.62981,1.63007,0.0,0,1580235162204,4,0.0
965,1580235163,1.62981,1.63005,0.0,0,1580235163206,4,0.0
966,1580235166,1.62978,1.63005,0.0,0,1580235166018,130,0.0
967,1580235168,1.62973,1.62995,0.0,0,1580235168523,134,0.0
968,1580235168,1.6297199999999998,1.62998,0.0,0,1580235168719,134,0.0
969,1580235168,1.62974,1.63,0.0,0,1580235168922,134,0.0
970,1580235176,1.6297700000000002,1.63002,0.0,0,1580235176629,134,0.0
971,1580235180,1.6297700000000002,1.63002,0.0,0,1580235180141,130,0.0
972,1580235180,1.6297899999999998,1.63005,0.0,0,1580235180342,134,0.0
973,1580235182,1.6298300000000001,1.63007,0.0,0,1580235182762,134,0.0
974,1580235184,1.6298,1.6300599999999998,0.0,0,1580235184251,134,0.0
975,1580235197,1.6297899999999998,1.63005,0.0,0,1580235197881,134,0.0
976,1580235198,1.6298,1.63005,0.0,0,1580235198085,130,0.0
977,1580235202,1.6298300000000001,1.63008,0.0,0,1580235202668,134,0.0
978,1580235203,1.6297899999999998,1.6300400000000002,0.0,0,1580235203603,134,0.0
979,1580235203,1.6298,1.6300400000000002,0.0,0,1580235203798,130,0.0
980,1580235203,1.62982,1.63012,0.0,0,1580235203998,134,0.0
981,1580235204,1.62989,1.63015,0.0,0,1580235204099,134,0.0
982,1580235204,1.62992,1.63018,0.0,0,1580235204509,134,0.0
983,1580235204,1.6299299999999999,1.63018,0.0,0,1580235204896,130,0.0
984,1580235205,1.6298300000000001,1.63008,0.0,0,1580235205405,134,0.0
985,1580235205,1.62982,1.63008,0.0,0,1580235205609,130,0.0
986,1580235205,1.6298300000000001,1.63008,0.0,0,1580235205814,130,0.0
987,1580235207,1.6298,1.63008,0.0,0,1580235207011,130,0.0
988,1580235207,1.6297899999999998,1.63008,0.0,0,1580235207522,130,0.0
989,1580235207,1.6298,1.63008,0.0,0,1580235207708,130,0.0
990,1580235208,1.6298,1.63007,0.0,0,1580235208309,4,0.0
991,1580235208,1.62981,1.63009,0.0,0,1580235208510,134,0.0
992,1580235208,1.6298300000000001,1.63009,0.0,0,1580235208913,130,0.0
993,1580235210,1.6298300000000001,1.6301,0.0,0,1580235210120,4,0.0
994,1580235210,1.62987,1.63011,0.0,0,1580235210319,134,0.0
995,1580235210,1.62987,1.6301299999999999,0.0,0,1580235210524,4,0.0
996,1580235211,1.62987,1.63014,0.0,0,1580235211431,4,0.0
997,1580235211,1.62985,1.63011,0.0,0,1580235211624,134,0.0
998,1580235211,1.62984,1.63011,0.0,0,1580235211939,130,0.0
999,1580235212,1.62984,1.6301,0.0,0,1580235212123,4,0.0
